,,,,,,,,,,,,,,,,,,,,,,,,,,,,,,,,,,,,,,,,,,,,,,,,,,,,,,,,,,,,,,,,,,,,,,,,,,,,,,,,,,,,,,,,,,,,,,,,,,,,,,,,,,,,,,,,,,,,,,,,,,,,,,,,,,,,,,,,,,,,,,,,,,,,,,,,,,,,,,,,,,,,,,,,,,,,,,,,,,,,,,,,
,,,,,,,,,,,,,,,,,,,,,,,,,,,,,,,,,,,,,,,,,,,,,,,,,,,,,,,,,,,,,,,,,,,,,,,,,,,,,,,,,,,,,,,,,,,,,,,,,,,,,,,,,,,,,,,,,,,,,,,,,,,,,,,,,,,,,,,,,,,,,,,,,,,,,,,,,,,,,,,,,,,,,,,,,,,,,,,,,,,,,,Harvested extent: Hectares,,
District,1978/1979,,,,1979/1980,,,,1980/1981,,,,1981/1982,,,,1982/1983,,,,1983/1984,,,,1984/1985,,,,1985/1986,,,,1986/1987,,,,1987/1988,,,,1988/1989,,,,1989/1990,,,,1990/1991,,,,1991/1992,,,,1992/1993,,,,1993/1994,,,,1994/1995,,,,1995/1996,,,,1996/1997,,,,1997/1998,,,,1998/1999,,,,1999/2000,,,,2000/2001,,,,2001/2002,,,,2002/2003,,,,2003/2004,,,,2004/2005,,,,2005/2006,,,,2006/2007,,,,2007/2008,,,,2008/2009,,,,2009/2010,,,,2010/2011,,,,2011/2012,,,,2012/2013,,,,2013/2014,,,,2014/2015,,,,2015/2016,,,,2016/2017,,,,2017/2018,,,,2018/2019,,,,2019/2020,,,,2000/2021,,,,2021/2022,,,,2022/2023,,,,2023/2024,,,
,Major,Minor,Rainfed,Total,Major,Minor,Rainfed,Total,Major,Minor,Rainfed,Total,Major,Minor,Rainfed,Total,Major,Minor,Rainfed,Total,Major,Minor,Rainfed,Total,Major,Minor,Rainfed,Total,Major,Minor,Rainfed,Total,Major,Minor,Rainfed,Total,Major,Minor,Rainfed,Total,Major,Minor,Rainfed,Total,Major,Minor,Rainfed,Total,Major,Minor,Rainfed,Total,Major,Minor,Rainfed,Total,Major,Minor,Rainfed,Total,Major,Minor,Rainfed,Total,Major,Minor,Rainfed,Total,Major,Minor,Rainfed,Total,Major,Minor,Rainfed,Total,Major,Minor,Rainfed,Total,Major,Minor,Rainfed,Total,Major,Minor,Rainfed,Total,Major,Minor,Rainfed,Total,Major,Minor,Rainfed,Total,Major,Minor,Rainfed,Total,Major,Minor,Rainfed,Total,Major,Minor,Rainfed,Total,Major,Minor,Rainfed,Total,Major,Minor,Rainfed,Total,Major,Minor,Rainfed,Total,Major,Minor,Rainfed,Total,Major,Minor,Rainfed,Total,Major,Minor,Rainfed,Total,Major,Minor,Rainfed,Total,Major,Minor,Rainfed,Total,Major,Minor,Rainfed,Total,Major,Minor,Rainfed,Total,Major,Minor,Rainfed,Total,Major,Minor,Rainfed,Total,Major,Minor,Rainfed,Total,Major,Minor,Rainfed,Total,Major,Minor,Rainfed,Total,Major,Minor,Rainfed,Total,Major,Minor,Rainfed,Total,Major,Minor,Rainfed,Total,Major,Minor,Rainfed,Total
COLOMBO,-,-,-,"7,059",-,-,-,"7,006",-,-,-,"6,928",-,-,-,"7,063",-,-,-,"6,987",-,311,"6,370","6,681",-,637,"6,010","6,647",-,784,"5,663","6,447",-,955,"5,505","6,460",-,925,"5,237","6,162",-,911,"5,339","6,250",-,903,"5,523","6,426",-,856,"5,488","6,344",-,853,"5,458","6,311",-,479,"5,531","6,010",-,535,"5,242","5,777",-,508,"5,057","5,566",62,438,"4,791","5,291",74,429,"4,778","5,282",110,711,"4,515","5,337",84,"1,367","3,454","4,905",100,"1,284","3,174","4,559",97,"1,091","2,948","4,136",90,"1,272","3,132","4,494",25,"1,025","3,394","4,444",86,"1,094","3,245","4,425",85,"1,141","3,365","4,592",100,"1,085","3,231","4,416",52,747,"2,550","3,349",84,805,"2,879","3,767",117,970,"3,418","4,504",119,"1,010","3,634","4,763",100,967,"3,558","4,625",105,"2,114","2,397","4,616",87,973,"3,002","4,062",65,896,"2,765","3,726",43,714,"2,725","3,482",43,624,"2,221","2,888",48,506,"1,687","2,241",296,760,"2,127","3,183",306,718,"2,208","3,232",256,558,"2,050","2,864",307,727,"2,821","3,855",324,710,"2,777","3,811",388,637,"3,186","4,211",321,638,"2,689","3,648"
GAMPAHA,-,-,-,"16,334",-,-,-,"16,312",-,-,-,"16,695",-,-,-,"16,588",-,-,-,"16,821","2,192","2,108","11,969","16,269","2,166","2,102","12,090","16,358","2,017","1,888","11,833","15,739","1,885","1,911","11,089","14,885","1,654","2,331","9,953","13,939","1,512","2,662","9,855","14,029","1,627","2,496","10,633","14,756","1,506","2,296","10,122","13,924","1,361","2,051","9,581","12,992","1,470","4,038","8,730","14,238","1,412","2,076","10,034","13,521",927,"1,845","9,164","11,936",733,"1,580","8,790","11,103",820,"1,809","9,598","12,227",922,"1,438","9,442","11,802",756,"1,286","8,743","10,785",777,"1,171","8,073","10,020",683,"1,016","7,237","8,936",697,"1,169","7,676","9,542","1,132","1,214","7,648","9,994","1,070","1,090","7,366","9,526","1,191","1,170","7,809","10,170","1,213","1,071","7,469","9,753",926,853,"6,311","8,091","1,211","1,238","6,879","9,328","1,556","2,208","6,914","10,678","1,822","3,097","7,545","12,464","1,924","3,295","7,812","13,032","1,530","2,513","6,290","10,333","1,758","3,380","6,015","11,153","1,665","3,500","5,471","10,636","1,577","3,479","5,918","10,974","1,617","3,201","5,165","9,983",735,"1,715","2,548","4,998","1,469","3,485","5,562","10,516","1,577","3,278","5,236","10,091","1,461","3,231","4,871","9,563","1,841","4,038","6,477","12,356","1,556","3,036","6,610","11,202","1,847","2,127","8,275","12,249","1,517","1,614","7,275","10,406"
KALUTARA,-,-,-,"18,364",-,-,-,"18,636",-,-,-,"19,054",-,-,-,"18,769",-,-,-,"18,348",515,"2,367","16,324","19,206",501,"2,925","16,159","19,585",488,"2,886","15,923","19,297",495,"2,870","15,541","18,906",411,"2,868","14,600","17,879",448,"2,902","14,446","17,796",432,"2,847","14,548","17,827",416,"2,814","14,688","17,918",396,"2,724","14,642","17,762",212,"2,202","14,287","16,702",222,"2,229","14,212","16,663",236,"2,220","14,202","16,659",237,"2,169","14,036","16,442",193,"2,208","13,932","16,333",214,"1,785","13,356","15,355",194,"1,674","13,506","15,374",188,"1,655","13,304","15,146",170,"1,681","13,207","15,058",157,"1,681","12,960","14,798",90,"1,880","11,444","13,414",98,"1,915","11,384","13,397",93,"1,936","11,581","13,610",93,"1,885","11,182","13,160",74,"1,628","9,728","11,431",109,"1,991","11,376","13,476",128,"2,112","12,396","14,637",133,"2,194","12,963","15,289",130,"2,151","12,723","15,005",114,"2,094","11,866","14,074",93,"2,310","11,179","13,582",96,"2,158","10,437","12,691",118,"2,165","10,709","12,992",128,"1,860","9,734","11,722",98,"1,384","7,352","8,834",143,"1,410","9,486","11,039",115,"1,346","8,831","10,292",107,"1,303","8,080","9,490",220,"1,662","11,028","12,910",129,"1,544","9,893","11,566",139,"1,417","11,515","13,071",75,"1,461","9,957","11,493"
KANDY,-,-,-,"22,141",-,-,-,"22,288",-,-,-,"22,324",-,-,-,"17,987",-,-,-,"19,353","3,676","7,932","7,504","19,112","3,615","7,596","7,361","18,572","3,654","7,746","7,504","18,904","4,081","7,841","6,326","18,248","4,099","7,990","6,863","18,952","4,103","8,007","6,912","19,023","4,093","8,108","6,914","19,115","4,093","8,137","6,913","19,143","4,084","6,634","5,770","16,487","3,480","7,147","6,602","17,230","3,550","6,987","6,498","17,034","3,573","6,857","6,658","17,088","3,496","6,938","6,481","16,916","3,542","6,970","6,290","16,802","3,485","8,186","4,564","16,235","3,535","6,692","5,722","15,949","3,373","6,286","5,517","15,176","4,114","6,283","5,203","15,600","4,103","6,165","5,175","15,442","3,858","5,616","4,440","13,914","4,029","5,120","3,551","12,700","4,034","5,394","4,098","13,526","3,859","4,993","3,744","12,595","3,894","4,955","3,189","12,039","4,136","5,528","3,788","13,453","4,121","5,627","3,746","13,495","4,138","5,751","3,936","13,826","4,155","5,508","3,193","12,856","4,158","5,494","3,044","12,697","4,089","5,426","2,430","11,944","4,107","5,244","2,472","11,823","4,119","5,430","2,516","12,065","4,132","5,160","2,441","11,733","3,536","3,540","1,224","8,300","4,214","4,802","1,826","10,842","4,244","4,779","2,049","11,072","4,200","4,793","2,000","10,993","4,242","5,292","2,650","12,184","4,268","5,176","2,757","12,201","4,360","5,669","3,143","13,172","4,365","5,470","2,983","12,818"
MATALE,-,-,-,"13,294",-,-,-,"13,249",-,-,-,"14,298",-,-,-,"8,813",-,-,-,"13,716","4,196","6,924","2,976","14,096","4,657","7,025","3,631","15,333","4,623","7,134","3,755","15,512","4,236","6,529","2,530","13,295","4,269","6,511","2,946","13,726","3,838","5,874","2,568","12,280","4,354","7,137","3,169","14,660","4,396","6,865","3,017","14,277","4,299","6,672","2,998","13,969","4,507","6,713","3,664","14,884","4,449","6,734","3,698","14,881","4,428","6,582","3,761","14,771","4,484","6,196","3,409","14,089","4,464","5,326","1,673","11,462","4,840","7,598","3,513","15,952","4,801","6,278","2,520","13,598","4,799","6,328","2,733","13,860","4,636","5,675","2,378","12,688","4,906","5,759","2,649","13,314","5,119","6,971","3,463","15,554","5,082","5,959","2,656","13,697","5,328","7,095","3,361","15,783","5,144","7,206","3,523","15,874","4,745","6,975","3,469","15,189","6,021","8,360","4,497","18,878","5,987","8,504","4,468","18,958","6,294","8,962","4,832","20,088","6,321","8,488","4,756","19,565","6,234","8,290","4,561","19,086","6,908","8,940","5,160","21,008","6,538","7,174","3,377","17,089","6,679","8,573","4,748","20,000","6,725","8,239","4,760","19,724","4,608","2,571",869,"8,048","6,900","6,179","2,887","15,966","7,192","7,521","4,134","18,847","6,846","7,044","4,496","18,386","7,301","7,218","4,363","18,882","7,593","7,815","4,512","19,920","7,657","8,190","4,416","20,263","7,332","7,106","4,358","18,796"
NUWARA ELIYA,-,-,-,"4,570",-,-,-,"4,628",-,-,-,"4,726",-,-,-,"7,214",-,-,-,"7,192","1,021","5,499",247,"6,767","1,178","5,616",207,"7,001","1,083","5,483",180,"6,746","1,103","5,220",72,"6,395","1,122","5,150",81,"6,353","1,122","5,174",85,"6,381",945,"5,065",104,"6,114",938,"5,111",115,"6,165",920,"5,079",108,"6,107","1,050","4,873",134,"6,057","1,170","4,999",84,"6,254","1,162","4,952",88,"6,201","1,161","4,881",69,"6,111","1,109","4,342",62,"5,513","1,354","4,973",143,"6,470","1,376","5,028",139,"6,543","1,320","4,806",129,"6,255","1,285","4,595",105,"5,985","1,290","4,600",432,"6,322","1,176","4,300",136,"5,612","1,238","3,728",122,"5,088","1,233","4,405",121,"5,759","1,244","4,569",121,"5,934","1,020","4,190",121,"5,331","1,191","4,224",212,"5,627","1,126","4,233",208,"5,567","1,119","4,263",202,"5,583","1,100","4,276",196,"5,572","1,073","4,206",196,"5,475","1,015","4,373",29,"5,418",914,"4,085",26,"5,025","1,137","4,054",19,"5,210",995,"3,854",17,"4,866",995,"3,316",11,"4,322",851,"3,824",29,"4,704",843,"3,799",18,"4,660",420,"1,310",5,"1,735",865,"4,004",8,"4,877",900,"4,126",8,"5,034",877,"4,059",17,"4,953",709,"3,802",13,"4,524"
GALLE,-,-,-,"18,673",-,-,-,"18,188",-,-,-,"19,293",-,-,-,"20,197",-,-,-,"20,420",-,21,"20,143","20,164",-,25,"19,958","19,981",-,98,"20,380","20,478",-,98,"19,909","20,007",-,97,"19,847","19,944",-,97,"19,966","20,063",-,115,"19,287","19,403",-,114,"19,431","19,545",-,115,"19,506","19,621",-,48,"18,607","18,655",-,49,"18,404","18,453",-,49,"17,525","17,573",-,49,"17,140","17,189",-,49,"17,406","17,454",-,121,"17,054","17,176",-,124,"16,869","16,992",-,122,"16,454","16,576",-,121,"15,610","15,731",-,120,"15,852","15,971",-,186,"15,374","15,561",-,126,"13,213","13,339",-,174,"13,769","13,943",-,175,"13,905","14,079",-,144,"12,226","12,370",-,108,"14,543","14,652",-,122,"15,527","15,649",-,151,"16,991","17,142",88,142,"16,442","16,673",88,109,"15,720","15,917",102,723,"13,200","14,024",98,656,"11,856","12,610",85,603,"12,411","13,099",66,471,"9,581","10,118",66,244,"7,777","8,087",201,"2,126","8,398","10,725",196,"1,509","6,603","8,308",205,"1,448","6,286","7,939",248,"2,163","10,935","13,346",144,"1,706","9,071","10,921",-,215,"11,795","12,010",-,122,"6,701","6,823"
MATARA,-,-,-,"18,839",-,-,-,"19,746",-,-,-,"19,806",-,-,-,"20,192",-,-,-,"18,805","3,318","3,294","13,096","19,708","3,406","3,777","11,907","19,090","3,269","3,756","11,144","18,169","3,434","4,111","11,379","18,924","3,107","4,026","10,758","17,891","3,276","4,261","11,275","18,813","3,894","4,394","10,925","19,213","3,968","3,914","10,255","18,136","4,126","4,151","10,970","19,247","4,279","4,073","10,564","18,917","4,175","3,902","10,265","18,342","4,189","3,806","10,113","18,108","4,265","3,460","9,992","17,717","4,312","3,656","10,037","18,005","3,883","3,618","9,674","17,175","3,889","3,596","9,662","17,147","3,883","3,519","9,418","16,820","4,012","3,526","9,555","17,092","3,507","3,454","8,252","15,213","3,316","2,547","8,126","13,989","3,357","2,419","8,013","13,789","3,610","2,752","8,333","14,695","3,541","2,899","8,228","14,667","3,034","2,533","7,291","12,858","3,587","3,025","8,230","14,842","3,907","3,200","8,680","15,787","3,653","3,298","8,861","15,811","3,203","3,160","8,152","14,515","3,620","3,153","8,404","15,177","3,705","3,277","7,630","14,613","3,570","3,222","7,055","13,847","3,688","3,275","7,341","14,304","3,206","2,645","5,997","11,848","3,380","2,817","5,312","11,509","4,087","3,210","6,150","13,447","4,005","3,058","5,738","12,801","3,855","2,697","5,044","11,596","4,264","3,170","6,495","13,929","4,105","2,963","6,110","13,178","3,779","4,199","6,485","14,463","2,448","2,691","5,062","10,201"
HAMBANTOTA,-,-,-,"19,302",-,-,-,"15,680",-,-,-,"18,303",-,-,-,"16,662",-,-,-,"19,648","13,932","4,065","1,501","19,498","13,305","3,178",975,"17,460","14,360","3,799","1,343","19,502","13,815","2,755","1,278","17,848","17,467","3,618","1,414","22,499","17,545","3,362","1,320","22,227","14,736","2,214",972,"17,922","13,849","2,373",929,"17,151","17,151","3,490",785,"21,427","16,590","3,895","1,246","21,731","17,415","4,329","1,280","23,024","17,362","3,874","1,310","22,545","16,629","2,899","1,276","20,804","14,189","2,926","1,268","18,383","18,686","4,550","1,336","24,573","18,089","4,037","1,270","23,395","14,804","3,614","1,135","19,553","11,013","2,129","1,070","14,212","12,208","1,460",262,"13,930","12,764","2,693",807,"16,264","12,587","3,142",917,"16,646","13,888","3,590","1,199","18,678","15,241","3,521","1,111","19,873","16,834","3,983","1,059","21,875","18,751","3,928","1,328","24,007","19,321","4,514","1,480","25,315","19,641","4,772","1,599","26,012","29,487","4,449","1,524","35,460","19,917","4,627","1,557","26,102","21,093","6,071","1,638","28,802","20,014","5,262","1,403","26,679","19,679","5,764","1,552","26,995","19,957","5,776","1,395","27,128","17,703","3,084",963,"21,750","27,585","5,851","1,259","34,695","27,269","5,614","1,258","34,141","27,970","5,821","1,142","34,933","28,878","4,866","1,146","34,890","29,438","5,438","1,131","36,007","30,390","5,607","1,292","37,289","29,174","5,593","1,191","35,958"
JAFFNA,-,-,-,"28,583",-,-,-,"28,450",-,-,-,"26,738",-,-,-,"28,891",-,-,-,"29,936","7,825",100,"6,475","14,400",-,-,"10,569","10,569",-,-,"8,403","8,403",-,-,"9,644","9,644",-,-,"9,929","9,929",-,-,"6,919","6,919",-,-,"11,133","11,133",-,-,-,-,-,-,-,"9,840",-,-,"8,208","8,208",-,-,"8,072","8,072",-,-,"9,052","9,052",-,-,850,850,-,-,"6,758","6,758",-,-,"6,424","6,424",-,-,"7,165","7,165",-,-,"7,636","7,636",-,-,"3,924","3,924",-,-,"5,018","5,018",-,-,"6,467","6,467",-,-,"7,118","7,118",-,-,"7,231","7,231",-,-,"7,249","7,249",-,-,"6,257","6,257",-,-,"7,248","7,248",-,-,"7,297","7,297",-,-,"8,703","8,703",-,-,"8,636","8,636",-,-,"8,668","8,668",-,-,"10,031","10,031",-,-,"2,624","2,624",-,-,"9,829","9,829",0,0,"8,389","8,389",-,-,"1,830","1,830",-,-,"8,964","8,964",-,-,"10,171","10,171",-,-,"10,291","10,291",-,-,"8,635","8,635",-,-,"7,775","7,775",-,-,"11,261","11,261",-,-,"11,340","11,340"
MANNAR,-,-,-,"13,856",-,-,-,"16,247",-,-,-,"10,685",-,-,-,"10,266",-,-,-,"15,444","9,542","1,734",287,"11,563","11,444","1,241",402,"13,087","11,926","1,660",326,"13,912","5,946",506,41,"6,493","11,005",638,60,"11,704","1,820",136,22,"1,978","7,202",860,81,"8,143",-,-,-,-,-,-,-,"8,305","1,582",773,43,"2,422","2,440",319,41,"2,800","3,546",861,17,"4,424","2,456",379,8,"2,843","5,787",647,40,"6,475","4,683",865,2,"5,549","5,909",816,36,"6,761","5,866",538,-,"6,404","3,664",362,-,"4,026","3,609",357,-,"3,966","7,061","1,245",-,"8,306","5,320",727,-,"6,047","8,117","1,388",24,"9,529","8,040","1,280",6,"9,326","4,637",805,-,"5,442","2,301",380,-,"2,681","4,937",416,-,"5,352","7,412",681,-,"8,093","9,289","1,660",43,"10,992","11,730","1,667",19,"13,416","12,263","2,494",67,"14,824","3,672","1,294",23,"4,989","13,862","3,007",50,"16,919","15,376","3,234",54,"18,664","11,211","2,652",-,"13,863","14,512","3,665",48,"18,225","15,281","3,907",79,"19,267","15,289","3,999",79,"19,367","16,062","4,008",74,"20,144","15,995","4,094",82,"20,171","15,193","6,476",444,"22,113","19,739","7,763",480,"27,982"
VAVUNIYA,-,-,-,"14,856",-,-,-,"14,945",-,-,-,"11,623",-,-,-,"8,003",-,-,-,"12,011","2,353","7,541","1,573","11,467","1,772","5,320",795,"7,885","1,442","4,906",802,"7,150",832,912,29,"1,773","1,749","4,231",401,"6,381",541,"2,366",56,"2,964",955,"2,164",142,"3,261",-,-,-,-,-,-,-,"4,549","1,480","3,691",273,"5,443","1,678","4,603",277,"6,558","2,539","5,023",410,"7,972",538,291,-,829,453,"1,833",-,"2,286","1,222","2,547",160,"3,930","2,245","3,419",144,"5,808","2,503","3,368",-,"5,871","2,382","3,581",207,"6,170","2,465","3,405",199,"6,069","2,568","5,048",198,"7,814","2,944","4,922",125,"7,991","3,017","5,162",143,"8,322","2,896","6,156",251,"9,303",690,"3,242",120,"4,052","1,752","4,265",384,"6,402","2,252","4,101",343,"6,697","1,633","2,868",328,"4,830","3,144","8,876",571,"12,591","3,716","10,664","1,332","15,713","4,102","11,644","2,058","17,803",951,"4,190",331,"5,472","4,138","10,882","1,785","16,805","4,134","11,315","2,029","17,478","2,622","2,640",139,"5,401","2,412","5,941",450,"8,803","4,362","11,560","2,374","18,296","4,360","12,292","2,465","19,117","4,400","12,147","2,715","19,262","4,432","12,374","2,053","18,859","4,779","14,059","4,171","23,009","4,655","13,956","4,175","22,786"
MULLATIVU,-,-,-,"12,286",-,-,-,"12,313",-,-,-,"7,591",-,-,-,"12,807",-,-,-,"13,446","2,836","1,271","3,437","7,544","2,998","1,776","3,663","8,437","3,023","2,114","3,037","8,174","1,267",997,"1,040","3,304","2,554","1,143","1,456","5,152",942,709,871,"2,522","2,818","1,439","2,734","6,991",-,-,-,-,-,-,-,"5,408","2,418","1,897","4,874","9,189","2,615","1,569","2,354","6,538","2,539","1,637","2,054","6,230","2,324",431,193,"2,948","2,914","1,781","3,399","8,094","2,691","1,115","3,268","7,074","3,609","1,282","2,586","7,477","4,889",810,"1,551","7,250",902,342,"1,172","2,416",888,337,"1,154","2,379","4,189","2,353","3,094","9,636","4,281","1,557","1,042","6,880","4,172","2,475","3,714","10,362","3,562","1,974","3,699","9,235","3,561","1,974","3,699","9,235","2,586","1,202","2,149","5,937",-,-,-,-,846,"1,298",-,"2,144","2,157","2,855","1,765","6,778","5,546","2,580","1,593","9,720","4,038","2,673","3,014","9,726","4,079","1,690",617,"6,386","5,975","4,083","4,498","14,556","6,719","4,225","2,471","13,415","3,594","1,316",857,"5,767","6,560","3,809","4,342","14,711","5,210","2,907","2,861","10,978","7,579","4,355","6,325","18,259","7,928","5,315","9,501","22,744","8,013","4,411","7,404","19,828","8,772","5,335","11,545","25,652","8,450","5,188","9,436","23,074"
KILLINOCHCHI,-,-,-,-,-,-,-,-,-,-,-,-,-,-,-,-,-,-,-,-,-,-,-,-,"10,167",162,"8,004","18,333","5,106",89,"3,988","9,184","10,018",178,"7,322","17,518","9,615",160,"7,475","17,250","9,868",146,"5,607","15,620","9,361",168,"8,929","18,458",-,-,-,-,-,-,-,"16,337","8,802",186,"7,137","16,125","9,982",182,"6,016","16,181","8,976",-,"6,454","15,429","4,625",228,839,"5,691",-,-,-,-,-,-,-,-,"1,538",384,36,"1,959",-,-,-,-,"4,507",292,"4,982","9,781","4,439",288,"4,907","9,634","5,067",158,"3,716","8,941","8,453",495,"7,637","16,585","8,492",491,"8,129","17,113","5,731",388,"8,205","14,324","5,731",408,"8,206","14,345","5,827",437,"6,192","12,456",-,-,-,-,-,-,-,-,"6,232",510,"5,462","12,204","10,176",178,"10,124","20,478","5,370",229,"5,808","11,407","9,789",162,"3,447","13,398","9,922",488,"10,762","21,172","11,273",344,"12,551","24,168","9,838",304,"4,921","15,063","11,407",553,"12,508","24,468","11,258",521,"14,389","26,168","12,088",553,"14,524","27,165","12,171",578,"14,609","27,358","12,171",577,"14,655","27,403","11,880",425,"15,207","27,512","11,839",425,"15,553","27,817"
BATTICALOA,-,-,-,"38,896",-,-,-,"37,260",-,-,-,"41,987",-,-,-,"26,725",-,-,-,"43,661","6,738",839,"15,969","23,146","12,878","1,190","85,610","37,678","9,199",456,"17,133","26,787","11,202",740,"16,255","28,196","8,006",429,"2,945","11,381","12,485",436,"9,973","22,894","14,890",919,"20,789","36,598",-,-,-,-,"11,544",639,"17,700","29,883","11,348",719,"18,479","30,547","10,336",387,"16,694","27,418","11,914",440,"16,423","28,777","7,585",420,"12,122","20,127","7,242",480,"8,528","16,250","11,293","1,194","22,496","34,983","11,831","1,240","20,858","33,929","12,220","1,310","21,934","35,463","13,956","1,533","24,322","39,811","13,084","1,502","20,309","34,895","16,401","1,859","26,051","44,311","17,363","1,923","26,174","45,460","17,108","1,897","26,313","45,318","17,156","2,040","27,378","46,573","5,108",55,"9,522","14,685","7,661",341,"9,028","17,030","19,185","1,711","24,958","45,854","21,095","2,463","30,771","54,329","7,049",45,"7,330","14,424","22,300","2,288","27,527","52,115","21,401","3,110","38,236","62,747","20,911","3,127","38,166","62,204","15,172","2,850","32,844","50,866","18,152","2,801","35,448","56,401","17,788","2,609","16,469","36,866","22,656","3,625","38,515","64,796","24,554","3,841","38,819","67,214","20,161","3,518","37,565","61,244","23,698","3,815","38,117","65,630","24,312","3,830","38,378","66,520","30,212","4,014","37,207","71,433","26,347","3,806","36,838","66,991"
AMPARA,-,-,-,"41,779",-,-,-,"40,609",-,-,-,"48,638",-,-,-,"41,433",-,-,-,"46,702","22,984","1,248","5,429","29,661","37,812","1,514","3,812","45,138","38,119",966,"3,898","42,983","42,202","1,095","4,240","47,537","44,401",928,"3,030","48,359","45,521",591,"3,804","49,916","47,093",898,"4,623","52,614","35,954",593,"2,096","38,643","42,853",585,"2,566","46,004","47,285",847,"3,656","51,785","38,838","8,425","4,040","51,302","48,791","1,070","4,715","54,576","46,850",807,"3,371","51,027","49,721",715,"3,212","53,648","51,789",978,"4,180","56,947","50,493",839,"3,574","54,907","47,865",925,"3,419","52,209","52,855",876,"3,316","57,047","51,949",913,"3,358","56,220","49,571","2,022","5,131","56,724","48,444","2,051","5,479","55,974","51,325","2,053","5,910","59,288","54,942","2,031","5,660","62,632","46,823","1,154","3,770","51,747","57,949","1,692","4,794","64,435","60,216","2,068","6,164","68,448","59,265","2,301","8,275","69,840","33,549","1,243","4,890","39,682","59,562","2,938","9,377","71,877","62,321","3,802","14,334","80,456","62,435","3,577","12,969","78,981","60,146","3,821","14,965","78,932","61,773","3,783","15,196","80,752","59,214","1,507","7,016","67,737","60,974","4,392","10,958","76,324","59,903","4,452","12,005","76,360","58,060","4,123","14,611","76,794","60,426","4,396","15,110","79,932","61,535","4,612","15,083","81,230","60,720","3,457","15,709","79,886","53,088","3,352","14,605","71,045"
TRINCOMALEE,-,-,-,"26,399",-,-,-,"27,602",-,-,-,"26,803",-,-,-,"22,724",-,-,-,"32,079","15,473","2,818","9,035","27,326","17,598","3,230","8,505","29,333","10,956","1,543","3,610","16,010","6,607","1,349","2,365","10,321","6,254","1,529","3,857","11,640","4,972",972,"1,745","7,689","9,257","1,208","1,870","12,335",-,-,-,-,-,-,-,"14,217","13,272","1,974","4,397","19,643","14,194","2,253","5,093","21,541","12,659","2,243","4,785","19,687","9,772","1,434",469,"11,675","12,343","2,023","6,111","20,477","12,540","2,665","4,965","20,171","13,616","2,140","4,749","20,505","13,711","2,189","4,858","20,758","14,517","2,215","5,360","22,092","14,804","3,059","5,836","23,699","14,856","3,181","7,023","25,060","15,838","3,253","5,301","24,392","15,023","3,357","6,257","24,637","14,565","2,897","5,733","23,195","11,527","1,575","2,824","15,926","10,615","2,371","3,606","16,592","14,493","3,211","5,265","22,969","15,238","4,759","6,524","26,521","14,109","4,615","4,467","23,191","17,198","5,622","7,341","30,160","16,434","7,464","7,208","31,107","13,308","3,632","4,817","21,757","15,111","7,186","5,921","28,218","18,014","8,636","7,570","34,220","15,127","2,601",647,"18,375","20,463","7,626","9,918","38,007","20,243","7,642","10,583","38,468","20,399","6,887","10,999","38,285","21,161","7,530","11,147","39,838","21,071","7,490","11,068","39,629","24,809","10,065","13,700","48,574","24,685","9,982","13,816","48,483"
KURUNEGALA,-,-,-,"64,846",-,-,-,"66,230",-,-,-,"70,613",-,-,-,"54,909",-,-,-,"60,449","8,951","26,385","27,724","63,060","12,231","30,059","28,661","70,951","12,034","30,858","28,632","71,524","8,076","4,010","6,014","18,100","11,992","25,270","27,297","64,559","10,786","20,645","24,764","56,195","12,060","26,197","27,099","65,356","11,527","28,484","28,823","68,835","12,492","29,337","26,651","68,480","10,649","32,141","26,743","69,533","12,223","33,380","28,980","74,583","12,122","26,067","25,080","63,270","11,895","13,001","7,184","32,081","11,228","21,456","22,575","55,259","12,097","32,623","27,656","72,376","11,113","29,639","27,322","68,074","10,890","27,701","27,094","65,686","7,573","15,329","21,490","44,392","10,224","21,752","23,704","55,680","10,955","28,592","24,816","64,363","7,829","8,891","4,068","20,788","11,733","24,598","24,163","60,493","12,691","32,636","27,879","73,205","12,683","32,519","24,533","69,736","15,223","32,005","28,014","75,243","13,342","34,479","28,991","76,812","11,735","28,190","28,098","68,023","15,474","35,137","29,596","80,206","10,992","24,090","21,636","56,718","14,825","38,251","27,774","80,851","11,851","22,725","20,904","55,480","15,702","35,065","26,341","77,108","15,506","37,384","27,735","80,625","8,180","6,933","3,368","18,481","11,691","13,914","16,936","42,541","17,937","35,999","26,139","80,075","17,871","37,501","26,639","82,011","17,078","33,230","25,326","75,634","17,562","37,171","25,876","80,609","17,523","34,276","26,058","77,857","15,950","33,754","24,978","74,682"
PUTTALAM,-,-,-,"10,651",-,-,-,"11,752",-,-,-,"11,866",-,-,-,"8,779",-,-,-,"10,010","1,677","5,763","2,323","19,763","2,967","3,941","1,909","10,817","4,348","6,830","1,885","13,064","3,598","2,215",111,"5,924","1,883","4,923","1,107","7,914","5,212","5,426",807,"11,445","2,306","4,242",645,"7,193","3,515","6,077","1,219","10,811","4,546","6,989","1,853","13,388","4,924","6,988","1,480","13,392","5,455","7,110","1,427","13,993","5,133","5,530","1,044","11,707","4,535","5,885",690,"11,110","2,707","4,335",610,"7,652","5,221","6,990","1,399","13,609","6,117","5,793","1,127","13,038","2,519","5,386","1,094","8,999","1,991","2,885",614,"5,490","3,186","3,671",516,"7,373","6,237","7,885","1,025","15,148","3,472","3,270",431,"7,173","4,725","5,108",677,"10,510","5,287","5,296",680,"11,263","5,309","5,940",525,"11,774","4,536","6,265","1,248","12,050","7,684","9,971","1,886","19,541","3,945","8,299","1,991","14,236","7,004","10,198","2,171","19,373","4,565","6,366","1,158","12,089","7,085","9,915","1,830","18,830","4,592","7,073",923,"12,588","6,982","9,582","1,726","18,290","7,638","10,024","1,908","19,570","3,961","2,273",543,"6,777","2,051","2,588",540,"5,179","7,870","10,720","1,803","20,393","7,359","10,718","1,511","19,588","7,978","9,409","1,847","19,234","7,836","9,793","1,849","19,478","6,595","10,245","2,193","19,033","7,482","10,031","1,987","19,500"
ANURADHAPURA,-,-,-,"72,864",-,-,-,"73,228",-,-,-,"59,055",-,-,-,"28,965",-,-,-,"32,792","21,067","26,792","1,132","49,792","20,642","21,767","1,427","43,836","20,548","21,532","1,148","43,228","14,672","8,571",252,"23,495","19,623","19,430",726,"39,779","3,836","1,093",5,"4,934","12,535","15,653",476,"28,664","16,176","13,205",482,"29,864","22,062","19,862",634,"42,558","20,223","20,197",718,"41,138","27,953","30,678","1,722","60,352","27,665","29,827","1,452","58,945","18,516","6,483",-,"24,999","9,428","5,892",84,"15,404","29,086","35,748","2,128","66,963","23,774","27,466","1,659","52,899","24,554","28,268","1,460","54,281","18,972","21,114",509,"40,595","25,161","21,265",639,"47,065","25,983","33,415","3,355","62,753","20,172","7,762",51,"27,985","25,692","32,050","3,269","61,011","27,306","31,030","3,369","61,705","24,853","29,876","2,760","57,490","27,590","39,013","4,917","71,520","29,447","43,163","6,549","79,159","29,874","43,358","7,831","81,063","51,813","45,176","8,599","105,587","31,168","48,260","9,437","88,865","30,327","50,763","14,202","95,292","21,370","13,625","4,653","39,648","28,576","49,148","13,943","91,667","29,106","52,658","14,101","95,865","11,643","7,704",389,"19,736","23,051","21,436","3,214","47,701","53,188","45,386","10,680","109,254","53,756","52,058","12,514","118,328","51,406","47,959","13,001","112,366","52,616","50,328","13,621","116,565","55,089","47,181","15,087","117,357","55,807","52,690","16,774","125,271"
POLONNARUWA,-,-,-,"29,487",-,-,-,"30,713",-,-,-,"32,067",-,-,-,"30,253",-,-,-,"33,078","25,609","2,847","2,032","30,488","28,779","2,228","1,930","32,937","29,973","1,347","1,728","33,047","32,608","1,369","1,922","35,899","35,403","1,070","1,760","38,233","35,722",372,"1,008","37,102","39,142",432,"1,582","41,156","41,634",516,"1,278","43,428","41,874",538,989,"43,401","41,310","1,186",876,"43,372","41,804","1,140",792,"43,736","43,243","1,262",811,"45,316","42,904","1,185",603,"44,692","42,020","1,064",449,"43,532","44,875","2,143",963,"47,981","45,025","1,119",629,"46,774","47,287","2,067",848,"50,202","46,758","1,317",678,"48,753","46,528","1,253",705,"48,486","47,030","1,737","1,118","49,885","49,182","1,384",724,"51,290","49,785","1,491",946,"52,222","49,922","1,607","1,131","52,659","47,837","1,590","1,106","50,533","51,275","2,388","1,576","55,240","53,472","2,151","1,306","56,929","55,800","2,876","1,625","60,301","55,404","2,600","2,142","60,145","59,401","2,862","2,224","64,487","54,644","7,160","2,252","64,055","54,805","5,554",987,"61,346","66,447","6,445","1,594","74,486","56,774","6,628","1,721","65,123","42,034","5,175",573,"47,782","54,515","7,371","2,791","64,677","56,679","6,827","1,682","65,188","56,734","7,326","2,534","66,594","57,596","6,526","2,401","66,523","57,364","6,768","2,404","66,536","58,842","7,737","2,870","69,449","59,196","7,702","2,945","69,843"
BADULLA,-,-,-,"16,100",-,-,-,"16,032",-,-,-,"16,029",-,-,-,"12,586",-,-,-,"17,297","8,208","8,415","1,978","18,602","9,099","8,362","1,865","19,286","9,258","8,448","2,004","19,710","9,235","8,772","1,813","19,820","9,320","8,564",906,"18,790","9,297","8,164",928,"18,388","9,581","8,716","1,675","19,972","9,706","8,814","1,637","20,157","9,593","8,545",887,"19,024","9,494","8,185","2,090","19,769","9,727","8,359","2,231","20,317","9,563","8,122","2,164","19,849","9,404","8,154","2,008","19,565","9,318","7,473","1,815","18,606","10,132","8,859","2,779","21,770","9,921","8,763","2,492","21,177","9,864","8,559","2,444","20,870","10,343","8,569","2,585","21,498","10,012","8,144","2,416","20,573","10,070","8,216","2,965","21,251","10,257","7,808","2,942","21,007","10,359","8,666","3,087","22,112","10,394","8,550","3,212","22,156","10,397","8,632","3,231","22,260","10,770","10,055","4,463","25,288","10,808","8,803",506,"20,117","10,897","10,289","5,802","26,988","10,651","10,758","5,766","27,175","11,043","10,383","5,794","27,221","11,249","12,109","5,897","29,255","11,117","10,689","2,936","24,742","10,980","10,179","5,887","27,046","11,075","10,442","5,772","27,289","9,793","6,811","1,405","18,009","5,906","9,600","4,008","19,514","10,755","9,534","5,326","25,615","10,572","9,730","5,339","25,641","10,535","9,081","3,952","23,568","10,490","8,751","4,944","24,185","10,718","10,007","5,026","25,751","10,914","9,935","5,204","26,053"
MONARAGALA,-,-,-,"9,253",-,-,-,"9,955",-,-,-,"10,024",-,-,-,"7,823",-,-,-,"9,217","3,605","3,456","2,929","9,990","3,721","3,628","2,958","10,307","4,089","3,952","3,247","11,288","2,990","2,978","5,155","9,122","3,943","3,814","2,223","9,980","3,657","3,793","2,785","10,235","3,394","3,513","2,624","9,531","5,406","4,476","2,865","12,747","5,003","2,215","1,036","8,253","5,952","4,649","3,336","13,937","4,949","4,898","3,389","13,236","4,815","4,670","3,469","12,955","4,632","3,994","3,092","11,719","4,043","2,811",797,"7,650","5,197","5,494","3,628","14,319","5,106","5,211","3,665","13,982","4,714","4,716","3,527","12,958","3,859","3,560","3,459","10,878","3,858","4,606","3,542","12,007","4,688","5,771","4,150","14,610","4,814","5,412","4,428","14,654","4,795","5,761","5,306","15,862","5,444","6,154","5,148","16,746","6,646","7,611","8,814","23,071","6,829","7,615","10,970","25,415","6,623","5,525","1,470","13,618","9,659","8,406","9,294","27,360","9,580","9,236","11,729","30,544","7,728","9,299","14,958","31,986","9,275","10,368","17,087","36,730","7,534","8,942","7,161","23,637","7,736","10,231","17,850","35,817","9,271","10,409","17,976","37,656","5,974","4,900","1,751","12,625","9,086","10,069","10,572","29,727","7,050","9,073","10,057","26,180","8,619","10,721","14,313","33,653","8,813","10,573","14,828","34,214","8,693","10,552","14,943","34,188","9,446","11,741","14,386","35,573","9,370","11,686","15,419","36,475"
RATNAPURA,-,-,-,"15,006",-,-,-,"15,336",-,-,-,"15,729",-,-,-,"15,538",-,-,-,"16,256","1,729","8,130","6,275","16,134","1,614","2,464","5,956","16,034","1,564","8,684","5,924","16,172","1,555","8,379","5,617","15,551","1,460","8,403","5,354","15,217","1,428","8,318","5,375","15,121","4,779","8,429","5,494","18,702","1,398","8,417","5,012","14,827","1,395","8,048","5,000","14,443","1,416","8,132","5,390","14,938","1,412","8,116","5,185","14,713","1,579","7,953","5,299","14,830","1,687","7,563","5,129","14,379","1,703","8,108","5,193","15,004","1,947","8,596","5,125","15,667","2,049","8,484","5,063","15,595","1,939","8,171","4,847","14,956","1,825","8,051","4,589","14,465","1,997","7,788","4,333","14,118","1,841","6,919","3,926","12,686","1,902","6,843","3,868","12,613","1,899","6,627","3,702","12,228","1,868","6,631","3,696","12,196","1,904","5,952","3,237","11,092","1,821","6,313","3,772","11,906","1,979","7,019","3,968","12,965","2,102","7,171","4,213","13,485","5,014","7,256","4,191","16,461","2,027","7,014","3,891","12,933","2,210","7,058","3,306","12,574","2,082","6,742","3,051","11,875","2,197","6,584","2,955","11,736","2,119","6,269","2,737","11,125","1,851","4,247","1,651","7,749","2,102","5,345","2,509","9,956","3,804","5,022","2,333","11,159","3,902","4,708","2,127","10,737","4,074","6,000","3,277","13,351","4,164","5,857","3,020","13,041","4,683","6,662","3,253","14,598","4,485","5,787","2,636","12,908"
KEGALLE,-,-,-,"11,100",-,-,-,"10,763",-,-,-,"11,072",-,-,-,"11,124",-,-,-,"11,151",-,"2,417","8,696","11,115",-,"2,430","8,709","11,139",-,"2,386","8,757","11,143",-,"2,364","8,084","10,448",-,"2,474","8,636","11,110",-,"2,482","8,645","11,127",-,"2,518","8,594","11,112",-,"2,550","8,496","11,046",-,"2,482","8,442","10,924",-,"2,546","8,337","10,883",-,"2,557","8,364","10,922",-,"2,548","8,353","10,901",-,"2,533","8,291","10,825",-,"2,548","8,346","10,894",-,"2,245","7,948","10,193",-,"2,229","7,900","10,129",-,"2,162","7,642","9,804",-,"1,363","4,922","6,286",-,"2,118","7,209","9,327",-,"2,197","6,431","8,628",-,"1,861","5,090","6,951",-,"2,282","6,636","8,919",-,"2,223","6,553","8,776",-,"2,144","6,084","8,228",-,"2,331","4,844","7,174",-,"2,605","5,484","8,089",-,"2,704","5,628","8,331",-,"2,688","5,511","8,199",-,"2,395","4,657","7,052",-,"1,760","3,328","5,089",-,"2,066","3,880","5,946",-,"2,160","4,022","6,182",-,"1,757","3,956","5,713",-,686,"1,159","1,845",-,"1,744","3,980","5,724",-,"1,776","4,114","5,890",-,"1,553","3,785","5,338",-,"1,885","4,864","6,749",-,"1,779","4,512","6,291",-,741,"6,386","7,127",-,679,"5,446","6,125"
UDAWALAWE,-,-,-,"6,264",-,-,-,"7,242",-,-,-,"7,792",-,-,-,"9,887",-,-,-,"11,118","11,163",-,-,"11,163","10,560",-,-,"10,560","11,434",-,-,"11,434","11,465",-,-,"11,465","10,320",-,-,"10,320","10,574",-,-,"10,574","10,823",-,-,"10,823","10,595",-,-,"10,595","10,673",-,-,"10,673","10,483",-,-,"10,483","10,424",-,-,"10,424","10,102",-,-,"10,102","9,713",-,-,"9,713","8,884",-,-,"8,884","9,766",-,-,"9,766","9,024",-,-,"9,024","9,726",-,-,"9,726",653,-,-,653,"8,766",-,-,"8,766","8,901",-,-,"8,901","8,461",-,-,"8,461","8,884",-,-,"8,884","9,904",-,-,"9,904","9,460",-,-,"9,460","9,527",-,-,"9,527","11,517",-,-,"11,517","13,068",-,-,"13,068",-,-,-,-,"13,447",-,-,"13,447","12,278",-,-,"12,278","12,029",-,-,"12,029","12,366",-,-,"12,366","12,224",-,-,"12,224","1,206",-,-,"1,206","10,492",-,-,"10,492",-,-,-,-,-,-,-,-,-,-,-,-,-,-,-,-,-,-,-,-,-,-,-,-
MAHAWELI 'H',-,-,-,-,-,-,-,-,-,-,-,"15,231",-,-,-,"14,019",-,-,-,"21,604","22,220",-,-,"22,220","22,881",-,-,"22,881","22,915",-,-,"22,915","23,114",-,-,"23,114","25,513",-,-,"23,513","17,303",-,-,"17,303","21,813",-,-,"21,813","23,432",-,-,"23,432","23,176",-,-,"23,176","22,830",-,-,"22,830","24,058",-,-,"24,058","24,866",-,-,"24,866","24,453",-,-,"24,453","24,723",-,-,"24,723","25,236",-,-,"25,236","24,919",-,-,"24,919","24,974",-,-,"24,974","23,079",-,-,"23,079","24,417",-,-,"24,417","25,339",-,-,"25,339","24,854",-,-,"24,854","25,093",-,-,"25,093","25,106",-,-,"25,106","24,183",-,-,"24,183","24,178",-,-,"24,178","24,849",-,-,"24,849","25,012",-,-,"25,012",-,-,-,-,"24,215",-,-,"24,215","23,930",-,-,"23,930","22,629",-,-,"22,629","23,851",-,-,"23,851","24,037",-,-,"24,037","5,655",-,-,"5,655","15,002",-,-,"15,002",-,-,-,-,-,-,-,-,-,-,-,-,-,-,-,-,-,-,-,-,-,-,-,-
SRI LANKA,-,-,-,"550,803",-,-,-,"554,410",-,-,-,"564,970",-,-,-,"478,217",-,-,-,"557,541","201,630","132,277","175,026","508,933","255,940","150,191","195,085","559,235","225,428","129,345","172,147","526,920","214,436","76,725","141,535","432,693","235,170","116,522","148,861","498,553","205,808","88,899","145,080","439,787","238,090","110,635","170,565","519,290",-,-,-,"416,987",-,-,-,"522,786","245,058","127,580","165,398","538,060","250,482","145,815","164,396","560,692","261,930","127,946","159,462","549,338","232,956","81,398","110,833","425,187","221,218","88,879","132,962","443,059","261,272","145,044","156,718","563,033","259,016","128,904","150,891","538,810","252,765","124,955","148,291","526,009","233,846","97,506","139,441","470,793","252,345","106,138","140,235","498,718","268,237","137,030","154,298","559,565","261,133","82,752","124,945","468,830","279,682","131,063","159,143","569,888","285,247","138,295","162,362","585,903","251,929","129,485","130,634","512,047","275,530","145,880","146,938","568,348","297,065","156,714","151,025","604,804","304,503","159,160","179,643","643,306","276,978","175,288","161,225","613,492","331,655","169,208","183,773","684,636","330,602","204,273","206,715","741,591","300,221","127,285","152,351","579,857","336,288","195,768","202,911","734,967","340,060","201,739","200,925","742,724","240,860","71,535","70,461","382,856","318,626","133,325","167,977","619,928","343,841","190,789","189,490","724,120","342,069","198,247","199,595","739,911","351,492","195,592","215,327","762,411","354,711","200,901","210,536","766,148","368,698","204,541","234,627","807,866","357,948","205,233","221,861","785,042"
,,,,,,,,,,,,,,,,,,,,,,,,,,,,,,,,,,,,,,,,,,,,,,,,,,,,,,,,,,,,,,,,,,,,,,,,,,,,,,,,,,,,,,,,,,,,,,,,,,,,,,,,,,,,,,,,,,,,,,,,,,,,,,,,,,,,,,,,,,,,,,,,,,,,,,,,,,,,,,,,,,,,,,,,,,,,,,,,,,,,,,,,
,,,,,,,,,,,,,,,,,,,,,,,,,,,,,,,,,,,,,,,,,,,,,,,,,,,,,,,,,,,,,,,,,,,,,,,,,,,,,,,,,,,,,,,,,,,,,,,,,,,,,,,,,,,,,,,,,,,,,,,,,,,,,,,,,,,,,,,,,,,,,,,,,,,,,,,,,,,,,,,,,,,,,,,,,"After the 2017/2018 Maha season, the respective districts include the Mahaweli H and Udawalawe areas",,,,,,,,,,,,,,,
